id,first_name,last_name,email,gender,ip_address
1,Harry,Munsey,hmunsey0@vimeo.com,M,205.49.157.231
2,Annmaria,McRannell,amcrannell1@nymag.com,F,65.243.229.105
3,Daphene,Ferne,dferne2@nih.gov,F,106.57.147.196
4,Maia,Duckerin,mduckerin3@flickr.com,F,15.81.59.16
5,Nye,Dranfield,ndranfield4@amazon.de,M,87.89.121.167
6,Mercie,Pulver,mpulver5@123-reg.co.uk,F,221.132.248.151
7,Tiff,Yarnton,tyarnton6@va.gov,F,57.13.219.35
8,Dunc,Issitt,dissitt7@friendfeed.com,M,199.229.168.139
9,Adrianna,Haacker,ahaacker8@163.com,F,2.146.122.219
10,Launce,Hayhoe,lhayhoe9@japanpost.jp,M,147.12.131.185
11,Janean,Merit,jmerita@miitbeian.gov.cn,F,107.195.102.157
12,Shaylyn,Loweth,slowethb@house.gov,F,26.32.190.29
13,Ardys,Winham,awinhamc@indiegogo.com,F,19.101.156.132
14,Brendin,Langan,blangand@amazon.com,M,195.129.3.1
15,Dani,Dorkins,ddorkinse@github.com,M,32.103.65.112
16,Caryn,Kernoghan,ckernoghanf@japanpost.jp,F,155.204.113.42
17,Karen,Wilse,kwilseg@squarespace.com,F,59.134.11.170
18,Ebony,Montel,emontelh@dot.gov,F,114.97.37.209
19,Jamey,Quinnell,jquinnelli@sohu.com,M,76.138.140.167
20,Elwyn,Bendtsen,ebendtsenj@uol.com.br,M,76.211.45.171
21,Bealle,Bedrosian,bbedrosiank@blogs.com,M,122.235.56.188
22,Esther,Spaule,espaulel@boston.com,F,76.107.234.163
23,Chevy,Visick,cvisickm@is.gd,M,138.191.69.82
24,Shirl,Biskupiak,sbiskupiakn@qq.com,F,129.104.137.89
25,Mose,Stiger,mstigero@t-online.de,M,210.186.24.85
26,Wendi,Laurence,wlaurencep@cyberchimps.com,F,171.36.242.44
27,Stevena,Iacomelli,siacomelliq@xing.com,F,110.197.88.130
28,Susann,Cranstoun,scranstounr@seesaa.net,F,142.253.179.171
29,Jill,Jeacock,jjeacocks@hao123.com,F,195.153.175.251
30,Nev,Morby,nmorbyt@jalbum.net,M,20.228.108.136
31,Marcelo,Fisk,mfisku@icio.us,M,171.93.165.160
32,Hersh,Lanfere,hlanferev@indiatimes.com,M,61.101.219.4
33,Dede,Metherell,dmetherellw@deliciousdays.com,F,199.23.9.243
34,Anatole,Darbishire,adarbishirex@ed.gov,M,113.168.167.81
35,Glenden,Woof,gwoofy@hibu.com,M,13.37.19.20
36,Lynett,Blyden,lblydenz@last.fm,F,138.68.165.223
37,Gordan,Shinton,gshinton10@zimbio.com,M,223.118.79.50
38,Justinian,Stickells,jstickells11@go.com,M,147.3.4.77
39,Floris,Readwood,freadwood12@typepad.com,F,161.75.51.4
40,Marney,Wombwell,mwombwell13@qq.com,F,146.238.79.15
41,Roman,Librey,rlibrey14@businesswire.com,M,55.55.125.161
42,Bartram,Delacroix,bdelacroix15@wix.com,M,7.194.134.91
43,Francesco,Swancott,fswancott16@flickr.com,M,131.230.226.104
44,Jeane,Sallier,jsallier17@myspace.com,F,90.110.232.45
45,Goran,Vaggers,gvaggers18@stumbleupon.com,M,187.1.250.32
46,Randa,Stapels,rstapels19@google.ru,F,126.243.202.231
47,Alfie,Ghelerdini,aghelerdini1a@prnewswire.com,M,9.25.121.229
48,Turner,Jakel,tjakel1b@sun.com,M,111.144.245.33
49,Clemente,Darben,cdarben1c@is.gd,M,95.113.123.125
50,Monika,Auckland,mauckland1d@yale.edu,F,30.98.56.102
51,Ravi,Leveridge,rleveridge1e@sourceforge.net,M,9.169.170.180
52,Laure,Crewther,lcrewther1f@usda.gov,F,60.119.67.151
53,Drew,Frier,dfrier1g@furl.net,M,173.203.10.230
54,Ross,Duquesnay,rduquesnay1h@themeforest.net,M,224.43.221.223
55,Neda,Bortoletti,nbortoletti1i@ted.com,F,119.98.192.43
56,Emmerich,Parmiter,eparmiter1j@netvibes.com,M,100.237.154.209
57,Winfred,Minster,wminster1k@earthlink.net,M,192.94.151.106
58,Thomasina,Dani,tdani1l@biblegateway.com,F,6.147.39.20
59,Verne,Spelwood,vspelwood1m@hibu.com,M,84.92.57.148
60,Mamie,Warlock,mwarlock1n@phoca.cz,F,198.175.180.236
61,Lacie,Frie,lfrie1o@nytimes.com,F,135.73.74.204
62,Karole,Rosingdall,krosingdall1p@linkedin.com,F,196.125.197.53
63,Jodee,Zanassi,jzanassi1q@irs.gov,F,249.24.242.10
64,Suzi,Dilley,sdilley1r@gnu.org,F,2.226.38.46
65,Hinze,Silby,hsilby1s@vistaprint.com,M,183.94.47.38
66,Cello,Bradburn,cbradburn1t@desdev.cn,M,74.3.197.102
67,Barn,Gant,bgant1u@cdc.gov,M,255.182.193.67
68,Stefano,McFade,smcfade1v@census.gov,M,95.130.93.102
69,Fleur,Todeo,ftodeo1w@blinklist.com,F,219.101.120.186
70,Tamas,De Hooge,tdehooge1x@cbslocal.com,M,253.230.194.29
71,Tobie,Jory,tjory1y@va.gov,M,167.41.165.153
72,Burtie,Buckoke,bbuckoke1z@hostgator.com,M,242.1.84.123
73,Robert,Dudding,rdudding20@wikispaces.com,M,21.84.176.135
74,Bess,Routley,broutley21@blog.com,F,85.188.84.108
75,Marten,Bareford,mbareford22@spotify.com,M,38.90.216.57
76,Ravid,Drewell,rdrewell23@about.com,M,23.29.198.168
77,Annadiane,Aymeric,aaymeric24@globo.com,F,188.15.202.127
78,Arie,Sabberton,asabberton25@spotify.com,M,24.196.203.142
79,Olivier,Duffill,oduffill26@timesonline.co.uk,M,106.179.73.237
80,Dory,Carverhill,dcarverhill27@discovery.com,M,130.120.153.98
81,Catharina,Chavrin,cchavrin28@nytimes.com,F,239.10.174.65
82,Aubrie,Jannaway,ajannaway29@ucsd.edu,F,29.199.198.228
83,Decca,Poynor,dpoynor2a@nydailynews.com,M,219.163.240.8
84,Leesa,Maxwell,lmaxwell2b@simplemachines.org,F,10.231.8.132
85,Dory,Halwood,dhalwood2c@narod.ru,M,49.241.197.67
86,Raffarty,Yeliashev,ryeliashev2d@xinhuanet.com,M,236.11.250.164
87,Pauline,Parres,pparres2e@senate.gov,F,106.7.228.45
88,Rosana,Kohler,rkohler2f@sohu.com,F,91.90.183.63
89,Lynne,Puig,lpuig2g@sciencedirect.com,F,162.250.100.255
90,Stacey,McGivena,smcgivena2h@jalbum.net,F,6.66.154.254
91,Creigh,Llewelyn,cllewelyn2i@forbes.com,M,172.140.16.114
92,Rock,Golton,rgolton2j@xrea.com,M,245.253.162.99
93,Mureil,Avo,mavo2k@google.it,F,62.251.45.158
94,Kynthia,Schoales,kschoales2l@illinois.edu,F,97.81.128.142
95,Melisse,Rubin,mrubin2m@goodreads.com,F,254.226.182.32
96,Rurik,Stanley,rstanley2n@oaic.gov.au,M,18.215.126.29
97,Richie,Vakhrushin,rvakhrushin2o@weather.com,M,171.181.32.39
98,Dion,Chicchelli,dchicchelli2p@vimeo.com,M,205.214.129.89
99,Birk,Antrim,bantrim2q@shop-pro.jp,M,203.182.211.236
100,Chick,Wimsett,cwimsett2r@time.com,M,58.204.85.120
101,Chickie,Labusch,clabusch2s@upenn.edu,M,203.60.127.163
102,Goldia,Lynds,glynds2t@ted.com,F,170.10.28.98
103,Clarisse,Paige,cpaige2u@china.com.cn,F,162.53.14.115
104,Siouxie,Collingham,scollingham2v@godaddy.com,F,146.133.253.148
105,Robers,Yeend,ryeend2w@howstuffworks.com,M,132.50.183.235
106,Sheba,Popplestone,spopplestone2x@hibu.com,F,171.93.236.9
107,Sibelle,Hawker,shawker2y@ucoz.ru,F,168.14.247.31
108,Kellen,Andreasson,kandreasson2z@pagesperso-orange.fr,F,156.83.130.219
109,Nanine,Batterson,nbatterson30@behance.net,F,168.232.59.32
110,Isak,Llorente,illorente31@i2i.jp,M,211.169.214.112
111,Ajay,Rimell,arimell32@vistaprint.com,F,220.224.244.36
112,Winn,de Tocqueville,wdetocqueville33@weather.com,M,51.87.220.145
113,Delly,Alen,dalen34@home.pl,F,187.121.102.243
114,Victoir,Lanbertoni,vlanbertoni35@salon.com,M,98.28.246.51
115,Claudette,Woolley,cwoolley36@economist.com,F,78.39.81.223
116,Nickie,Cawkill,ncawkill37@epa.gov,M,108.191.211.95
117,Vania,Bentsen,vbentsen38@blogspot.com,F,144.189.188.126
118,Bonnibelle,Whear,bwhear39@creativecommons.org,F,235.201.30.27
119,Hyman,Willden,hwillden3a@comsenz.com,M,147.167.224.115
120,Sascha,Bradden,sbradden3b@nifty.com,M,75.172.102.255
121,Zabrina,Ugoletti,zugoletti3c@salon.com,F,80.80.97.122
122,Sidonia,Lightwing,slightwing3d@freewebs.com,F,148.167.60.254
123,Lib,Boich,lboich3e@biblegateway.com,F,77.73.202.117
124,Byram,Toffoletto,btoffoletto3f@canalblog.com,M,78.175.48.34
125,Beverley,Marie,bmarie3g@virginia.edu,F,112.55.218.241
126,Estel,Sleaford,esleaford3h@businessweek.com,F,21.104.18.130
127,Christy,MacFadden,cmacfadden3i@ft.com,F,2.208.248.225
128,Andris,Human,ahuman3j@mashable.com,M,13.59.174.160
129,Newton,Poveleye,npoveleye3k@usa.gov,M,24.5.190.17
130,Hyatt,Colbeck,hcolbeck3l@adobe.com,M,126.124.224.225
131,Doy,Proom,dproom3m@accuweather.com,M,177.181.77.204
132,Clovis,Torel,ctorel3n@shareasale.com,F,69.97.119.66
133,Traver,Masser,tmasser3o@vinaora.com,M,222.44.185.188
134,Olympie,Fairs,ofairs3p@list-manage.com,F,212.153.5.175
135,Antonino,Rochell,arochell3q@ovh.net,M,255.145.177.52
136,Brook,Lofting,blofting3r@friendfeed.com,M,156.107.131.222
137,Winnie,Kerrane,wkerrane3s@typepad.com,F,238.207.187.19
138,Norton,Musgrove,nmusgrove3t@weebly.com,M,158.17.154.177
139,Marietta,Spilsbury,mspilsbury3u@google.co.uk,M,113.174.126.27
140,Deloris,Colby,dcolby3v@macromedia.com,F,146.166.76.215
141,Althea,Decent,adecent3w@huffingtonpost.com,F,37.82.240.41
142,Phyllys,Rispine,prispine3x@cdbaby.com,F,101.124.16.125
143,Ulysses,Labat,ulabat3y@guardian.co.uk,M,228.222.107.226
144,Shannon,Worviell,sworviell3z@meetup.com,F,167.56.112.35
145,Herrick,Capozzi,hcapozzi40@webeden.co.uk,M,135.22.253.83
146,Lebbie,Barnham,lbarnham41@google.co.uk,F,158.219.24.220
147,Anthony,Poyle,apoyle42@time.com,M,56.162.136.103
148,Bay,Ellcock,bellcock43@goo.gl,M,189.159.0.175
149,Sherri,Warrillow,swarrillow44@joomla.org,F,219.193.135.12
150,Jermayne,Spavon,jspavon45@linkedin.com,M,57.39.201.147
151,Aldous,Etienne,aetienne46@nifty.com,M,223.200.29.207
152,Leslie,Crooks,lcrooks47@meetup.com,M,192.140.185.138
153,Brittani,Trengrove,btrengrove48@addthis.com,F,56.164.196.202
154,Evey,Boat,eboat49@eepurl.com,F,62.138.150.38
155,Hannah,Jurn,hjurn4a@php.net,F,209.252.58.254
156,Shaine,MacKaig,smackaig4b@china.com.cn,M,174.171.225.5
157,Cassie,Mingo,cmingo4c@pbs.org,M,61.244.198.126
158,Cullan,Fruser,cfruser4d@noaa.gov,M,209.211.4.114
159,Pedro,Sandison,psandison4e@samsung.com,M,242.148.237.218
160,Elysha,Benzi,ebenzi4f@opensource.org,F,235.196.96.74
161,Quincey,Jakoub,qjakoub4g@indiatimes.com,M,135.84.156.2
162,Hermann,Gommowe,hgommowe4h@google.com.hk,M,203.26.143.201
163,Tersina,Schruurs,tschruurs4i@canalblog.com,F,172.138.230.107
164,Lynelle,Werrilow,lwerrilow4j@google.ru,F,99.2.248.136
165,Eberhard,Webby,ewebby4k@addthis.com,M,27.212.73.92
166,Brocky,Shreeve,bshreeve4l@bloomberg.com,M,161.76.56.255
167,Adrian,Bulleyn,abulleyn4m@howstuffworks.com,M,165.199.126.138
168,Allie,Kelmere,akelmere4n@blinklist.com,M,139.190.46.21
169,Lita,Havick,lhavick4o@cargocollective.com,F,1.47.95.203
170,Lannie,Geelan,lgeelan4p@naver.com,M,213.124.169.50
171,Denney,Mabb,dmabb4q@goodreads.com,M,144.161.166.196
172,Ceciley,Halfpenny,chalfpenny4r@feedburner.com,F,233.198.104.196
173,Neddie,Aylmore,naylmore4s@webmd.com,M,56.101.1.104
174,Germaine,Swires,gswires4t@gov.uk,M,252.248.66.96
175,Randi,Clare,rclare4u@bandcamp.com,M,182.13.217.135
176,Niles,Ennever,nennever4v@eventbrite.com,M,200.228.19.162
177,Jakie,Spurdon,jspurdon4w@amazon.de,M,44.91.23.78
178,Carolyne,Richardon,crichardon4x@nps.gov,F,61.33.81.1
179,Deloris,Brun,dbrun4y@bigcartel.com,F,202.151.19.194
180,Boycey,Burdekin,bburdekin4z@stumbleupon.com,M,62.225.151.129
181,Heinrick,Hardware,hhardware50@smh.com.au,M,173.64.18.74
182,Angil,Beyne,abeyne51@bloomberg.com,F,90.83.79.131
183,Meyer,Iacopetti,miacopetti52@timesonline.co.uk,M,137.22.25.60
184,Desi,Pudner,dpudner53@booking.com,M,55.141.130.57
185,Jerry,Vockings,jvockings54@wunderground.com,M,59.79.65.185
186,Mart,Vann,mvann55@flavors.me,M,212.168.14.25
187,Alix,Brian,abrian56@reuters.com,F,37.174.157.189
188,Dirk,Albers,dalbers57@soup.io,M,242.49.154.36
189,Kasper,Collingridge,kcollingridge58@gravatar.com,M,200.103.125.229
190,Dillon,Borland,dborland59@xing.com,M,218.55.51.83
191,Belita,Guise,bguise5a@mayoclinic.com,F,235.96.34.212
192,Foster,Dodding,fdodding5b@github.io,M,53.215.63.120
193,Conny,Feake,cfeake5c@youtube.com,M,195.29.68.20
194,Sunny,Weall,sweall5d@un.org,M,87.42.82.217
195,Ester,Dullingham,edullingham5e@over-blog.com,F,203.213.16.115
196,Kristina,Bramo,kbramo5f@java.com,F,15.189.147.123
197,Jessica,Fahrenbach,jfahrenbach5g@newsvine.com,F,68.38.227.249
198,Kaspar,Rahl,krahl5h@ocn.ne.jp,M,203.75.160.91
199,Del,Gaisford,dgaisford5i@wikispaces.com,M,93.41.168.200
200,Helge,Bellin,hbellin5j@tumblr.com,F,47.146.175.194
201,Dannye,Grazier,dgrazier5k@addtoany.com,F,220.154.142.39
202,Jodi,Filipovic,jfilipovic5l@who.int,M,234.199.60.239
203,Jordain,Lamminam,jlamminam5m@canalblog.com,F,145.49.80.65
204,Vallie,Shurrocks,vshurrocks5n@ustream.tv,F,136.190.187.152
205,Isidro,Millson,imillson5o@booking.com,M,175.132.67.208
206,Mildred,Cobello,mcobello5p@wunderground.com,F,193.35.217.170
207,Burtie,Seman,bseman5q@apple.com,M,207.54.116.179
208,Reba,Foucher,rfoucher5r@xing.com,F,253.44.119.126
209,Oren,Abels,oabels5s@amazon.com,M,220.110.83.8
210,Gray,Willmore,gwillmore5t@netlog.com,M,218.3.132.60
211,Cchaddie,Challes,cchalles5u@engadget.com,M,184.25.171.119
212,Maryjo,Cosford,mcosford5v@desdev.cn,F,70.18.140.129
213,Wyatan,Daugherty,wdaugherty5w@sogou.com,M,133.117.236.221
214,Donna,Khilkov,dkhilkov5x@huffingtonpost.com,F,159.143.243.212
215,Gilli,Lush,glush5y@cafepress.com,F,137.116.18.95
216,Nollie,Pottage,npottage5z@mac.com,M,179.74.240.182
217,Brina,Conyard,bconyard60@buzzfeed.com,F,90.72.178.183
218,Frederigo,Neads,fneads61@dell.com,M,110.127.230.184
219,Davidde,Lowensohn,dlowensohn62@youku.com,M,223.144.137.5
220,Raff,Scrivenor,rscrivenor63@trellian.com,M,197.26.220.238
221,Blinny,Darrow,bdarrow64@cargocollective.com,F,103.171.203.51
222,Athena,Kerner,akerner65@fc2.com,F,75.169.42.172
223,Traver,Oty,toty66@lulu.com,M,224.197.4.100
224,Charles,Ovington,covington67@quantcast.com,M,120.212.22.162
225,Corney,Vittori,cvittori68@chron.com,M,165.11.21.160
226,Phylis,Mettrick,pmettrick69@zdnet.com,F,199.250.39.86
227,Mauricio,Leftbridge,mleftbridge6a@telegraph.co.uk,M,33.235.207.16
228,Constantia,Asling,casling6b@ow.ly,F,88.116.67.69
229,Doy,Very,dvery6c@zimbio.com,M,106.250.73.164
230,Jordon,Waren,jwaren6d@instagram.com,M,100.58.71.23
231,Roderic,Smitheram,rsmitheram6e@domainmarket.com,M,247.195.22.146
232,Kirby,Presdee,kpresdee6f@dedecms.com,M,117.30.195.115
233,Janeczka,Navan,jnavan6g@va.gov,F,48.148.51.239
234,Barris,Culbard,bculbard6h@deliciousdays.com,M,159.97.30.91
235,Roberto,Balderstone,rbalderstone6i@squarespace.com,M,1.13.69.217
236,Sebastiano,Avard,savard6j@creativecommons.org,M,77.25.220.67
237,Yul,Veart,yveart6k@hibu.com,M,61.82.2.123
238,Ketty,Macconaghy,kmacconaghy6l@washingtonpost.com,F,187.197.108.227
239,Isaak,Tudbald,itudbald6m@nytimes.com,M,154.28.220.74
240,Lena,Merigot,lmerigot6n@amazon.co.jp,F,133.4.227.29
241,Weston,Gulleford,wgulleford6o@usgs.gov,M,27.189.205.236
242,Ettore,Whitehair,ewhitehair6p@army.mil,M,72.79.101.86
243,Edgar,Boam,eboam6q@ustream.tv,M,234.140.157.173
244,Gian,Hufton,ghufton6r@omniture.com,M,217.123.182.63
245,Isobel,Coning,iconing6s@smugmug.com,F,110.113.114.250
246,Maggee,Jozwicki,mjozwicki6t@dedecms.com,F,3.196.3.203
247,Kasper,Cocklin,kcocklin6u@opera.com,M,184.203.124.166
248,Kingston,Witheford,kwitheford6v@paginegialle.it,M,45.67.49.169
249,Kristoffer,Janous,kjanous6w@shareasale.com,M,92.238.109.255
250,Franzen,Picker,fpicker6x@theglobeandmail.com,M,114.1.60.171
251,Anne-marie,Shawley,ashawley6y@weather.com,F,201.178.220.106
252,Wilek,Dansie,wdansie6z@smugmug.com,M,227.72.88.124
253,Eberto,Brodeau,ebrodeau70@51.la,M,68.217.12.94
254,Emmalynn,Impson,eimpson71@economist.com,F,89.91.151.130
255,Wenonah,Peagrim,wpeagrim72@census.gov,F,66.20.136.6
256,Tildie,Angier,tangier73@smugmug.com,F,49.32.204.36
257,Artur,Taffee,ataffee74@ca.gov,M,163.108.165.182
258,Othello,Emeny,oemeny75@netvibes.com,M,227.171.162.41
259,Mohammed,Timothy,mtimothy76@discuz.net,M,245.114.229.142
260,Britney,O'Hickee,bohickee77@cafepress.com,F,184.222.121.19
261,Myles,Kitchinghan,mkitchinghan78@un.org,M,22.118.155.120
262,Sybil,Windham,swindham79@usatoday.com,F,65.180.201.204
263,Debee,Sopp,dsopp7a@imageshack.us,F,131.47.252.244
264,Gayel,Catonnet,gcatonnet7b@marriott.com,F,127.84.237.1
265,Orren,Avramovsky,oavramovsky7c@google.ca,M,92.9.41.216
266,Alexandre,Thackston,athackston7d@seesaa.net,M,209.251.82.91
267,Nils,Gosland,ngosland7e@quantcast.com,M,61.27.76.77
268,Paul,Ryle,pryle7f@mtv.com,M,215.44.223.151
269,Ophelia,Brownrigg,obrownrigg7g@theatlantic.com,F,208.60.150.194
270,Liuka,Obell,lobell7h@redcross.org,F,228.231.207.41
271,Terrence,Snadden,tsnadden7i@uol.com.br,M,85.18.85.118
272,Marni,Loveland,mloveland7j@eepurl.com,F,45.169.19.227
273,Dag,Lardiner,dlardiner7k@addtoany.com,M,141.226.13.95
274,Nikos,Croser,ncroser7l@weebly.com,M,157.48.190.184
275,Lea,Adie,ladie7m@ihg.com,F,53.180.215.153
276,Giffie,Klaaassen,gklaaassen7n@deviantart.com,M,96.43.125.226
277,Minni,Giovanardi,mgiovanardi7o@ed.gov,F,223.60.4.230
278,Allianora,Girk,agirk7p@dyndns.org,F,232.114.43.104
279,Sargent,Bugge,sbugge7q@sourceforge.net,M,124.100.6.129
280,Ashton,Wanden,awanden7r@barnesandnoble.com,M,32.220.246.121
281,Nicola,Lowder,nlowder7s@europa.eu,M,136.139.101.56
282,Junette,Dolley,jdolley7t@edublogs.org,F,17.21.253.196
283,Robbyn,Bartolomivis,rbartolomivis7u@themeforest.net,F,183.89.87.17
284,Fabio,Roper,froper7v@istockphoto.com,M,164.200.168.62
285,Mariya,Rayman,mrayman7w@dagondesign.com,F,54.213.47.148
286,Mair,Zoephel,mzoephel7x@yale.edu,F,6.91.121.88
287,Corny,Elia,celia7y@independent.co.uk,M,37.177.218.246
288,Clevie,Rhodus,crhodus7z@myspace.com,M,234.46.70.172
289,Conway,Budgett,cbudgett80@simplemachines.org,M,48.83.232.86
290,Nate,Philipard,nphilipard81@thetimes.co.uk,M,151.117.177.2
291,Glenden,Tamlett,gtamlett82@cnbc.com,M,78.247.201.181
292,Sydelle,Steptowe,ssteptowe83@dailymotion.com,F,181.228.199.35
293,Cherice,Babbe,cbabbe84@hibu.com,F,21.235.175.27
294,Melany,Milella,mmilella85@indiatimes.com,F,126.181.223.224
295,Gonzalo,Gutierrez,ggutierrez86@wufoo.com,M,73.198.244.85
296,Kristian,Filippo,kfilippo87@about.me,M,188.32.244.133
297,Valma,Deport,vdeport88@usda.gov,F,3.119.1.207
298,Ezekiel,Blois,eblois89@etsy.com,M,114.142.153.103
299,Sayres,Raynor,sraynor8a@squidoo.com,M,114.59.232.171
300,Caro,Hufton,chufton8b@smh.com.au,F,141.38.28.106
301,Carney,Wybrew,cwybrew8c@elpais.com,M,222.233.65.21
302,Dode,Sydney,dsydney8d@ibm.com,F,6.2.7.250
303,Anne-corinne,Briance,abriance8e@google.ca,F,69.97.122.212
304,Robinet,Trodd,rtrodd8f@drupal.org,M,235.20.183.40
305,Brewster,Zannelli,bzannelli8g@over-blog.com,M,51.125.73.219
306,Fayette,Greedy,fgreedy8h@vk.com,F,193.253.109.202
307,Laverna,McIndoe,lmcindoe8i@forbes.com,F,251.4.118.41
308,Korry,Conville,kconville8j@guardian.co.uk,F,83.161.99.158
309,Laurianne,Loch,lloch8k@google.com.hk,F,12.192.47.112
310,Eloise,Magenny,emagenny8l@reverbnation.com,F,41.33.179.3
311,Dell,Tym,dtym8m@e-recht24.de,F,128.175.118.173
312,Quinton,Madre,qmadre8n@foxnews.com,M,37.239.28.106
313,Brigitte,Denver,bdenver8o@lycos.com,F,22.252.132.19
314,Mikaela,Willmer,mwillmer8p@vistaprint.com,F,125.40.181.87
315,Nona,Fleay,nfleay8q@icio.us,F,95.32.32.146
316,Boigie,Blackhall,bblackhall8r@newsvine.com,M,238.250.113.104
317,Anatol,Dancer,adancer8s@xrea.com,M,92.88.226.178
318,Cly,Hallbird,challbird8t@army.mil,M,164.121.25.125
319,Cody,Povele,cpovele8u@prweb.com,M,112.203.110.27
320,Roman,Biernacki,rbiernacki8v@istockphoto.com,M,100.110.200.151
321,Nadean,Broadberrie,nbroadberrie8w@gravatar.com,F,93.100.138.237
322,Margie,Maeer,mmaeer8x@imdb.com,F,1.35.76.4
323,Joscelin,Girling,jgirling8y@ask.com,F,1.165.187.15
324,Dacy,Gate,dgate8z@google.de,F,4.93.243.92
325,Francene,Espin,fespin90@homestead.com,F,52.193.209.46
326,Cece,O' Cuolahan,cocuolahan91@privacy.gov.au,M,207.130.50.252
327,Flossie,Moan,fmoan92@utexas.edu,F,217.168.87.188
328,Una,Dragonette,udragonette93@chicagotribune.com,F,185.235.134.160
329,Beatrice,Gwillyam,bgwillyam94@goo.ne.jp,F,70.71.3.199
330,Urban,Steljes,usteljes95@xing.com,M,65.242.203.206
331,Burtie,Powles,bpowles96@mac.com,M,125.114.61.144
332,Eunice,Torr,etorr97@stanford.edu,F,60.45.83.184
333,Kizzie,Moulin,kmoulin98@amazon.co.uk,F,136.233.150.217
334,Cecil,Dudding,cdudding99@1688.com,M,24.180.241.149
335,Rocky,Worlock,rworlock9a@skyrock.com,M,217.171.205.0
336,Mary,Burden,mburden9b@epa.gov,F,149.40.57.121
337,Jarvis,Hamshaw,jhamshaw9c@google.com.au,M,192.120.163.193
338,Bald,Skamell,bskamell9d@xing.com,M,33.160.209.0
339,Carlyle,Butrimovich,cbutrimovich9e@wufoo.com,M,63.178.165.55
340,Elyssa,Solano,esolano9f@gizmodo.com,F,67.161.101.204
341,Miltie,Finessy,mfinessy9g@ted.com,M,187.151.236.249
342,Zelig,Duval,zduval9h@accuweather.com,M,35.180.136.77
343,Addy,Aubri,aaubri9i@abc.net.au,F,175.43.112.199
344,Lucilia,Mathivon,lmathivon9j@smh.com.au,F,39.53.144.140
345,Jonathan,MacCumeskey,jmaccumeskey9k@linkedin.com,M,147.239.145.115
346,Lanie,Pauling,lpauling9l@ning.com,M,6.105.255.208
347,Hermione,Thridgould,hthridgould9m@w3.org,F,123.17.158.70
348,Darb,Charkham,dcharkham9n@abc.net.au,M,12.85.76.99
349,Benn,Bernaldez,bbernaldez9o@ycombinator.com,M,59.159.136.114
350,Silvana,Mogey,smogey9p@cbc.ca,F,103.237.245.143
351,Fern,Funcheon,ffuncheon9q@artisteer.com,F,250.192.57.166
352,Cordy,Tolomio,ctolomio9r@posterous.com,M,119.181.166.115
353,Dore,Brazer,dbrazer9s@slideshare.net,M,174.77.178.80
354,Karney,Inworth,kinworth9t@bloglovin.com,M,248.251.241.161
355,Al,Hacaud,ahacaud9u@usgs.gov,M,22.63.125.86
356,Yul,Saunton,ysaunton9v@dyndns.org,M,247.72.14.84
357,Vonny,Russe,vrusse9w@time.com,F,157.186.57.225
358,Cristionna,Morpeth,cmorpeth9x@tiny.cc,F,11.136.242.149
359,Horacio,Wicklin,hwicklin9y@apple.com,M,3.53.4.15
360,Cyrill,Dunridge,cdunridge9z@cdbaby.com,M,100.26.143.22
361,Iorgos,Bertlin,ibertlina0@epa.gov,M,83.104.124.168
362,Norris,Matteau,nmatteaua1@springer.com,M,239.47.59.85
363,Veronika,Smallbone,vsmallbonea2@amazon.co.uk,F,83.51.25.77
364,Trisha,Bettesworth,tbetteswortha3@google.de,F,247.104.152.242
365,Wyn,Trimmell,wtrimmella4@slashdot.org,M,153.152.205.197
366,Sterling,McCaghan,smccaghana5@businessinsider.com,M,170.108.228.224
367,Ely,Ellingford,eellingforda6@google.co.uk,M,85.166.214.60
368,Maryellen,Stokes,mstokesa7@yandex.ru,F,3.90.98.99
369,Izak,Scarfe,iscarfea8@hexun.com,M,18.218.18.65
370,Anthiathia,Laight,alaighta9@sourceforge.net,F,151.78.220.8
371,Armand,Harnott,aharnottaa@weibo.com,M,112.197.81.121
372,Emmery,Leirmonth,eleirmonthab@npr.org,M,120.42.187.143
373,Peggi,Bortolotti,pbortolottiac@sfgate.com,F,192.7.186.69
374,Belle,Troop,btroopad@xinhuanet.com,F,78.129.75.68
375,Harlan,Zarfat,hzarfatae@surveymonkey.com,M,11.191.194.120
376,Joni,Wolsey,jwolseyaf@wikia.com,F,50.13.191.156
377,Rip,Calles,rcallesag@posterous.com,M,104.147.164.21
378,Roman,Roscam,rroscamah@nba.com,M,67.93.83.19
379,Jedd,Pierro,jpierroai@hatena.ne.jp,M,134.52.188.190
380,Florence,Clotworthy,fclotworthyaj@mtv.com,F,50.152.144.116
381,Jean,Eskriet,jeskrietak@qq.com,M,190.7.229.140
382,Virgie,Eliez,veliezal@spotify.com,M,234.173.236.73
383,Morie,Randal,mrandalam@cargocollective.com,M,239.88.83.93
384,Davis,Pawle,dpawlean@stanford.edu,M,35.61.222.72
385,Costanza,Cobon,ccobonao@wp.com,F,145.112.34.83
386,Bess,Wiles,bwilesap@wikimedia.org,F,26.220.145.20
387,Chalmers,Maloney,cmaloneyaq@shutterfly.com,M,196.172.242.250
388,Gabe,Millen,gmillenar@nba.com,M,57.155.40.92
389,Pavia,Jevons,pjevonsas@digg.com,F,248.135.2.119
390,Dulcie,Coupar,dcouparat@si.edu,F,114.46.187.249
391,Karla,Hawkswood,khawkswoodau@angelfire.com,F,240.23.151.176
392,Karla,Frisby,kfrisbyav@howstuffworks.com,F,204.149.163.214
393,Heather,Espino,hespinoaw@dmoz.org,F,75.208.225.236
394,Yves,Slemming,yslemmingax@about.com,M,224.171.105.221
395,Tiphanie,Matthiae,tmatthiaeay@utexas.edu,F,213.239.3.176
396,Audi,De Hooch,adehoochaz@amazon.co.uk,F,232.208.170.220
397,Jaime,Counsell,jcounsellb0@pagesperso-orange.fr,F,69.114.126.63
398,Tymothy,Wolfart,twolfartb1@edublogs.org,M,116.152.244.32
399,Maitilde,Readings,mreadingsb2@canalblog.com,F,53.144.33.108
400,Mortie,Villa,mvillab3@paginegialle.it,M,44.72.177.188
401,Finlay,Kingham,fkinghamb4@nymag.com,M,225.45.247.133
402,Karna,Tedman,ktedmanb5@globo.com,F,75.184.131.92
403,Kristofer,Cray,kcrayb6@wikia.com,M,243.162.127.51
404,Eddy,Pobjay,epobjayb7@dmoz.org,M,167.116.204.55
405,Edith,Lorait,eloraitb8@nasa.gov,F,150.200.112.176
406,Casey,Buse,cbuseb9@dailymotion.com,M,217.247.173.103
407,Bordy,Walkington,bwalkingtonba@plala.or.jp,M,205.148.213.29
408,Suzi,Satterfitt,ssatterfittbb@stanford.edu,F,194.9.112.206
409,Zane,Shaudfurth,zshaudfurthbc@unicef.org,M,117.215.244.203
410,Allayne,Cluff,acluffbd@accuweather.com,M,63.108.178.95
411,Caryn,Bediss,cbedissbe@marketwatch.com,F,136.204.84.168
412,Ivy,Rowlin,irowlinbf@acquirethisname.com,F,16.141.114.252
413,Robbert,Losseljong,rlosseljongbg@irs.gov,M,8.237.12.150
414,Robby,Bussey,rbusseybh@cnn.com,F,11.148.25.235
415,Chandra,Czajkowski,cczajkowskibi@joomla.org,F,159.242.132.18
416,Errick,Cockney,ecockneybj@jigsy.com,M,32.200.124.184
417,Sandy,Juara,sjuarabk@ezinearticles.com,F,198.79.53.147
418,Mahala,Kynder,mkynderbl@blogger.com,F,198.45.103.249
419,Olivie,Yurenin,oyureninbm@simplemachines.org,F,78.19.55.108
420,Lyssa,Siman,lsimanbn@google.com.au,F,130.31.44.53
421,Laurent,MacTurlough,lmacturloughbo@google.ca,M,84.227.90.60
422,Helge,Manlow,hmanlowbp@un.org,F,191.197.190.72
423,Theodor,Betts,tbettsbq@digg.com,M,224.31.228.91
424,Cirilo,Shemming,cshemmingbr@pbs.org,M,153.49.78.58
425,Brianna,Zupo,bzupobs@nymag.com,F,26.14.206.75
426,Roseann,Haydn,rhaydnbt@washingtonpost.com,F,232.101.173.10
427,Winston,Petracci,wpetraccibu@sohu.com,M,1.170.13.93
428,Gusti,Okenfold,gokenfoldbv@house.gov,F,193.65.34.61
429,Wallie,Saunper,wsaunperbw@bravesites.com,F,111.110.120.167
430,Gertrude,Poter,gpoterbx@purevolume.com,F,55.176.189.69
431,Geri,Hadye,ghadyeby@ed.gov,M,60.144.79.90
432,Wilma,Bernardotti,wbernardottibz@jugem.jp,F,102.132.88.134
433,Hodge,Deakan,hdeakanc0@noaa.gov,M,21.18.20.69
434,Debor,Pullin,dpullinc1@yellowbook.com,F,57.166.207.148
435,Dayna,Trappe,dtrappec2@biblegateway.com,F,243.49.221.15
436,Rafi,Longhi,rlonghic3@time.com,M,10.82.222.94
437,Gracia,Fenney,gfenneyc4@utexas.edu,F,79.33.188.106
438,Dore,Leamy,dleamyc5@google.com.br,M,231.46.235.187
439,Fergus,Dalligan,fdalliganc6@ustream.tv,M,84.119.167.185
440,Chrisse,Chambers,cchambersc7@theatlantic.com,M,48.115.203.189
441,Mariquilla,Fraczkiewicz,mfraczkiewiczc8@multiply.com,F,175.46.181.219
442,Shena,Doel,sdoelc9@tiny.cc,F,123.60.202.237
443,Boy,Geroldo,bgeroldoca@amazon.co.uk,M,150.244.255.228
444,Devin,Northrop,dnorthropcb@auda.org.au,F,25.198.97.2
445,Emily,Musto,emustocc@unc.edu,F,45.237.235.107
446,Guenna,Dunsford,gdunsfordcd@facebook.com,F,248.71.199.177
447,Brigida,Piens,bpiensce@linkedin.com,F,245.250.60.241
448,Konstantin,Volker,kvolkercf@i2i.jp,M,126.5.1.47
449,Rori,Lemanu,rlemanucg@cbslocal.com,F,235.84.83.121
450,Allan,McGloin,amcgloinch@dyndns.org,M,167.226.135.67
451,Ennis,Cadney,ecadneyci@theatlantic.com,M,22.169.249.248
452,Jules,Roads,jroadscj@blogs.com,M,185.67.1.144
453,Khalil,Emblin,kemblinck@blogs.com,M,112.185.30.133
454,Giorgia,Enochsson,genochssoncl@google.com.au,F,226.153.190.178
455,Melamie,Solan,msolancm@i2i.jp,F,221.33.59.121
456,Patrice,Fatkin,pfatkincn@army.mil,F,221.23.26.125
457,Lothario,Spurritt,lspurrittco@irs.gov,M,1.239.216.40
458,Amil,Selwyne,aselwynecp@irs.gov,F,14.80.217.221
459,Helen,Torres,htorrescq@pbs.org,F,100.135.30.116
460,Ervin,Belverstone,ebelverstonecr@google.nl,M,72.219.3.220
461,Madelon,Putland,mputlandcs@ftc.gov,F,92.223.8.10
462,Ode,Greeveson,ogreevesonct@wikispaces.com,M,251.80.79.126
463,Reuben,Creavan,rcreavancu@newyorker.com,M,4.37.242.42
464,Alon,Slimming,aslimmingcv@is.gd,M,49.140.190.162
465,Pace,Scarlon,pscarloncw@redcross.org,M,73.25.43.195
466,Monro,Lount,mlountcx@unblog.fr,M,153.132.185.79
467,Rogerio,Arkell,rarkellcy@blinklist.com,M,32.116.110.111
468,Nathan,Poone,npoonecz@timesonline.co.uk,M,93.234.127.94
469,Basia,Hele,bheled0@gnu.org,F,25.92.43.190
470,Matthias,Cuerdale,mcuerdaled1@vimeo.com,M,184.141.181.80
471,Trula,Driussi,tdriussid2@independent.co.uk,F,122.189.27.81
472,Adriana,Benton,abentond3@craigslist.org,F,111.58.102.117
473,Davita,Haggarth,dhaggarthd4@go.com,F,192.149.206.156
474,Jeramey,Gadesby,jgadesbyd5@mozilla.org,M,164.26.125.68
475,Lisetta,Blazewicz,lblazewiczd6@quantcast.com,F,69.9.140.76
476,Frayda,Eastam,feastamd7@phoca.cz,F,13.135.163.148
477,Nevile,Calderon,ncalderond8@privacy.gov.au,M,153.64.158.143
478,Lauree,Salerno,lsalernod9@sitemeter.com,F,211.54.235.200
479,Bjorn,Stirtle,bstirtleda@economist.com,M,160.49.191.108
480,Shannon,Golston,sgolstondb@mac.com,M,226.95.91.169
481,Jorgan,Figgen,jfiggendc@timesonline.co.uk,M,237.63.190.17
482,Benyamin,Caudell,bcaudelldd@indiatimes.com,M,145.87.101.81
483,Datha,Dumbare,ddumbarede@diigo.com,F,94.95.2.191
484,Todd,Wetherhead,twetherheaddf@sbwire.com,M,17.206.112.150
485,Carolyne,Bolduc,cbolducdg@biglobe.ne.jp,F,94.145.127.254
486,Catarina,Kilbourn,ckilbourndh@nature.com,F,199.15.88.248
487,Vivyan,Martinson,vmartinsondi@discovery.com,F,60.153.93.247
488,Ondrea,Hatherall,ohatheralldj@phoca.cz,F,101.163.238.31
489,Nial,Rollo,nrollodk@reddit.com,M,48.83.88.40
490,Amory,Tabbernor,atabbernordl@zdnet.com,M,165.167.58.159
491,Devora,Stonehewer,dstonehewerdm@usda.gov,F,132.53.225.223
492,Marcela,Kordovani,mkordovanidn@goo.gl,F,11.38.236.212
493,Freddie,Clyma,fclymado@admin.ch,F,25.114.233.219
494,Idell,Loiterton,iloitertondp@ca.gov,F,225.150.188.42
495,Sheri,Brushfield,sbrushfielddq@howstuffworks.com,F,110.214.214.43
496,Margette,Brightman,mbrightmandr@aboutads.info,F,81.11.231.202
497,Sharon,Sopper,ssopperds@economist.com,F,50.11.21.133
498,Ilka,Tremathick,itremathickdt@macromedia.com,F,121.76.19.202
499,Berri,Corday,bcordaydu@mediafire.com,F,24.3.47.115
500,Serena,Prujean,sprujeandv@indiegogo.com,F,111.250.240.23
501,Lyndy,Peel,lpeeldw@mapy.cz,F,176.173.94.214
502,Janeva,Starmore,jstarmoredx@themeforest.net,F,53.73.149.194
503,Bernadene,Dwyer,bdwyerdy@si.edu,F,211.50.53.181
504,Gianni,Alvey,galveydz@nhs.uk,M,222.48.10.1
505,Alfonse,Chicotti,achicottie0@behance.net,M,251.160.143.29
506,Christoffer,Antonik,cantonike1@samsung.com,M,48.52.169.186
507,Walt,Stoffler,wstofflere2@opera.com,M,112.11.233.228
508,Bruis,Budnik,bbudnike3@w3.org,M,45.220.51.75
509,Rip,Cleef,rcleefe4@youku.com,M,210.201.128.151
510,Leilah,Stockbridge,lstockbridgee5@reference.com,F,18.42.135.243
511,Courtnay,Ewan,cewane6@indiatimes.com,M,28.119.22.180
512,Cobby,Guirard,cguirarde7@chronoengine.com,M,248.122.95.64
513,Courtnay,Blitz,cblitze8@shareasale.com,F,35.228.196.238
514,Ferrel,Summerrell,fsummerrelle9@discuz.net,M,148.244.225.202
515,Gilli,Smaleman,gsmalemanea@moonfruit.com,F,162.156.223.199
516,Gregorio,Harley,gharleyeb@sogou.com,M,171.101.163.108
517,Rance,Natte,rnatteec@sakura.ne.jp,M,201.186.93.244
518,Calhoun,McGeraghty,cmcgeraghtyed@tripod.com,M,98.128.241.129
519,Berkeley,Culver,bculveree@artisteer.com,M,206.42.122.101
520,Alidia,Cheston,achestonef@barnesandnoble.com,F,123.175.67.148
521,Shawn,Neaves,sneaveseg@noaa.gov,M,129.29.219.224
522,Annadiane,Hunt,ahunteh@deviantart.com,F,93.160.69.253
523,Abbey,Howchin,ahowchinei@mail.ru,F,103.130.195.57
524,Brianne,Hillett,bhillettej@1688.com,F,204.171.92.2
525,Hervey,Jaqueminet,hjaqueminetek@nps.gov,M,183.243.169.118
526,Dona,French,dfrenchel@xrea.com,F,169.166.48.75
527,Damaris,Lytton,dlyttonem@e-recht24.de,F,80.206.248.64
528,Bearnard,Duligal,bduligalen@google.co.uk,M,181.246.248.137
529,Erl,Sandeman,esandemaneo@google.com.hk,M,252.36.89.42
530,Adelle,Tailby,atailbyep@technorati.com,F,225.94.200.107
531,Kimberli,Skelbeck,kskelbeckeq@cafepress.com,F,213.113.195.206
532,Martino,Kitman,mkitmaner@amazon.co.jp,M,239.121.219.48
533,Filide,Piche,fpichees@slideshare.net,F,210.37.40.2
534,Bennie,Pleuman,bpleumanet@ted.com,M,235.137.123.90
535,Toinette,Mumberson,tmumbersoneu@topsy.com,F,246.217.157.231
536,Napoleon,Silson,nsilsonev@cnet.com,M,44.166.200.213
537,Humphrey,De la Feld,hdelafeldew@chron.com,M,87.161.29.163
538,Ross,Emeney,remeneyex@studiopress.com,M,38.116.174.67
539,Jessica,Humbert,jhumbertey@miibeian.gov.cn,F,123.100.10.230
540,Corliss,Codman,ccodmanez@geocities.jp,F,79.96.73.119
541,Meara,MacDwyer,mmacdwyerf0@istockphoto.com,F,23.31.119.64
542,Randell,Fryett,rfryettf1@salon.com,M,125.119.194.28
543,Anjanette,Debrick,adebrickf2@netvibes.com,F,16.177.136.139
544,Herbie,Chue,hchuef3@purevolume.com,M,203.150.148.188
545,Salomi,Reany,sreanyf4@tiny.cc,F,177.245.170.1
546,Garrek,Karpets,gkarpetsf5@i2i.jp,M,67.97.245.91
547,Nickola,Brindle,nbrindlef6@skype.com,M,156.125.228.119
548,Delbert,Berzins,dberzinsf7@parallels.com,M,151.35.117.222
549,Lisa,Kohen,lkohenf8@addtoany.com,F,56.80.169.182
550,Corbet,Whitcomb,cwhitcombf9@state.tx.us,M,117.152.185.4
551,Danya,Gudgin,dgudginfa@bloomberg.com,F,225.221.13.67
552,Corella,Cumberledge,ccumberledgefb@ebay.com,F,247.64.81.229
553,Pavlov,Bond,pbondfc@boston.com,M,25.121.162.207
554,Alejandro,McCue,amccuefd@chicagotribune.com,M,89.77.119.106
555,Wallis,Reihm,wreihmfe@irs.gov,F,54.101.27.214
556,Neale,Windous,nwindousff@aol.com,M,223.234.145.188
557,Cari,Wynne,cwynnefg@histats.com,F,153.231.113.72
558,Kimberlyn,Fewtrell,kfewtrellfh@odnoklassniki.ru,F,68.247.58.23
559,Inez,Colgrave,icolgravefi@tripod.com,F,57.148.71.152
560,Aubrey,Radford,aradfordfj@google.es,M,155.135.24.26
561,Barde,Najera,bnajerafk@wired.com,M,116.168.241.43
562,Hetty,De Ferrari,hdeferrarifl@npr.org,F,181.140.100.92
563,Desmond,Learman,dlearmanfm@tinypic.com,M,178.145.193.167
564,Cassey,Brehault,cbrehaultfn@paypal.com,F,242.50.108.16
565,Tiphany,Tift,ttiftfo@sogou.com,F,2.50.153.187
566,Bettina,Navarijo,bnavarijofp@webeden.co.uk,F,131.211.195.207
567,Wenda,Aggiss,waggissfq@state.tx.us,F,24.113.25.6
568,Linn,Ivatts,livattsfr@pcworld.com,M,196.162.184.137
569,Townsend,Cann,tcannfs@smugmug.com,M,143.169.164.202
570,Isabelle,Ricson,iricsonft@about.com,F,128.87.197.103
571,Harriett,Nother,hnotherfu@yellowpages.com,F,9.189.4.40
572,Hermine,Perrelli,hperrellifv@globo.com,F,125.74.42.141
573,Jenn,Fourmy,jfourmyfw@mlb.com,F,5.200.23.56
574,Bartholemy,Ockendon,bockendonfx@hostgator.com,M,10.192.32.175
575,Robin,Enrdigo,renrdigofy@hugedomains.com,M,199.104.12.3
576,Orton,Conrad,oconradfz@meetup.com,M,250.71.154.107
577,Tymon,Kundert,tkundertg0@businessweek.com,M,82.244.72.23
578,Ignazio,Emanuel,iemanuelg1@about.com,M,144.239.239.152
579,Tedi,Monday,tmondayg2@china.com.cn,F,68.202.248.214
580,Brody,Abrahamoff,babrahamoffg3@marketwatch.com,M,104.223.196.187
581,Francyne,Fuente,ffuenteg4@umich.edu,F,105.194.87.201
582,Idell,Gaddesby,igaddesbyg5@vkontakte.ru,F,92.205.95.202
583,Brinn,Ronayne,bronayneg6@opera.com,F,106.17.196.12
584,Vladamir,Windrum,vwindrumg7@posterous.com,M,58.212.76.224
585,Beryl,Tavernor,btavernorg8@statcounter.com,F,127.134.22.215
586,Rhiamon,Robbs,rrobbsg9@webs.com,F,13.205.22.191
587,Mehetabel,Farnorth,mfarnorthga@archive.org,F,102.12.213.86
588,Orville,Stormouth,ostormouthgb@slashdot.org,M,72.39.151.21
589,Rosemaria,Averies,raveriesgc@tumblr.com,F,182.111.68.90
590,Corly,Cruddas,ccruddasgd@census.gov,F,202.154.34.15
591,Roi,Ranger,rrangerge@intel.com,M,84.81.71.13
592,Dena,Bantick,dbantickgf@hao123.com,F,101.169.182.124
593,Sutherland,Deppen,sdeppengg@com.com,M,18.27.206.162
594,Allie,Shufflebotham,ashufflebothamgh@loc.gov,M,114.214.62.92
595,Welbie,Cubbin,wcubbingi@liveinternet.ru,M,241.35.31.154
596,Ulysses,Grieve,ugrievegj@weebly.com,M,84.176.216.137
597,Hollyanne,Colley,hcolleygk@bluehost.com,F,167.126.152.127
598,Reggie,Oloshkin,roloshkingl@alibaba.com,M,103.13.186.231
599,Dawna,Dmitriev,ddmitrievgm@desdev.cn,F,121.33.217.18
600,Quill,Tooth,qtoothgn@wiley.com,M,197.31.133.120
601,Lucho,Vinten,lvintengo@soup.io,M,191.218.195.96
602,Diann,Scutchin,dscutchingp@weibo.com,F,174.161.24.94
603,Rufus,Mateo,rmateogq@tripadvisor.com,M,26.178.91.39
604,Egor,Flieg,eflieggr@ucsd.edu,M,96.1.236.186
605,Lory,Sergant,lsergantgs@weather.com,F,154.45.200.213
606,Lee,Kerswell,lkerswellgt@si.edu,M,8.197.109.167
607,Tanny,Gricks,tgricksgu@va.gov,M,26.193.17.74
608,Brigit,Doyle,bdoylegv@parallels.com,F,133.124.101.169
609,Janifer,Conibeer,jconibeergw@deviantart.com,F,232.35.16.49
610,Ethelda,Organ,eorgangx@npr.org,F,124.172.99.30
611,Bobbie,Harpin,bharpingy@rambler.ru,M,82.126.181.113
612,Kellyann,Bascombe,kbascombegz@loc.gov,F,59.89.11.204
613,Franny,Cowser,fcowserh0@indiatimes.com,M,250.37.233.173
614,Lynnett,Cordeiro,lcordeiroh1@forbes.com,F,85.28.214.49
615,Mannie,Glowach,mglowachh2@ucoz.com,M,46.8.165.47
616,Percival,Aburrow,paburrowh3@ucla.edu,M,228.164.200.130
617,Goldie,Cockarill,gcockarillh4@bloglovin.com,F,232.10.7.213
618,Norma,Fann,nfannh5@springer.com,F,230.135.193.145
619,Floyd,Buxy,fbuxyh6@topsy.com,M,38.98.110.108
620,Betta,Bertl,bbertlh7@yandex.ru,F,116.49.219.245
621,Enrico,Costock,ecostockh8@tuttocitta.it,M,76.54.33.89
622,Morena,Hablot,mhabloth9@creativecommons.org,F,127.57.146.34
623,Salvador,Wort,swortha@msu.edu,M,224.3.209.94
624,Mariam,Gabbitus,mgabbitushb@sakura.ne.jp,F,199.250.142.252
625,Angel,Broggetti,abroggettihc@mayoclinic.com,M,18.227.5.3
626,Allsun,Khristoforov,akhristoforovhd@xinhuanet.com,F,3.126.100.182
627,Louisette,Blase,lblasehe@ucsd.edu,F,113.213.246.113
628,Nell,Vanichev,nvanichevhf@bloglines.com,F,206.12.213.241
629,Paulie,Cattini,pcattinihg@vk.com,F,136.127.2.168
630,Didi,Cholwell,dcholwellhh@edublogs.org,F,179.202.225.85
631,Raphael,Liley,rlileyhi@deviantart.com,M,67.85.80.95
632,Dickie,Tarn,dtarnhj@drupal.org,M,128.135.12.179
633,Skip,Moysey,smoyseyhk@fotki.com,M,10.38.101.47
634,Sly,Huckell,shuckellhl@mlb.com,M,87.67.115.148
635,Lacie,Smickle,lsmicklehm@paginegialle.it,F,27.100.251.122
636,Nari,Borless,nborlesshn@icio.us,F,82.214.251.166
637,Alwyn,Gwillym,agwillymho@mtv.com,M,120.151.197.236
638,Hal,Trammel,htrammelhp@sbwire.com,M,23.237.239.248
639,Bo,Connock,bconnockhq@newsvine.com,M,149.196.189.134
640,Ferne,Gallihawk,fgallihawkhr@microsoft.com,F,21.222.107.130
641,Brian,Pelz,bpelzhs@jalbum.net,M,55.28.90.220
642,Bil,Cranmor,bcranmorht@cdbaby.com,M,221.31.234.202
643,Patrice,Jentin,pjentinhu@purevolume.com,M,178.79.24.163
644,Melina,Laurisch,mlaurischhv@1und1.de,F,135.202.244.192
645,Veda,Gribble,vgribblehw@histats.com,F,13.75.98.212
646,Brandea,Wortman,bwortmanhx@rakuten.co.jp,F,48.206.206.93
647,Dino,Sarre,dsarrehy@bigcartel.com,M,93.167.88.171
648,Saw,Gepp,sgepphz@cafepress.com,M,110.133.97.228
649,Athena,McTeggart,amcteggarti0@lulu.com,F,179.157.48.22
650,Blake,Averall,baveralli1@independent.co.uk,F,45.184.82.254
651,Saunders,Ellyatt,sellyatti2@state.gov,M,222.195.9.222
652,Biron,Danielsen,bdanielseni3@fema.gov,M,98.71.75.114
653,Jimmy,Peiro,jpeiroi4@japanpost.jp,M,0.179.85.193
654,Elisabet,Munro,emunroi5@senate.gov,F,16.247.62.54
655,Stevy,Ponde,spondei6@slashdot.org,M,51.224.16.112
656,Erin,Ambroziak,eambroziaki7@weibo.com,M,218.76.187.236
657,Jorge,Boise,jboisei8@about.com,M,66.74.214.194
658,Kristofor,Eales,kealesi9@cbsnews.com,M,6.180.105.108
659,Lane,Rawcliffe,lrawcliffeia@msn.com,M,219.128.141.59
660,Bev,Machon,bmachonib@geocities.com,M,227.253.98.80
661,Nickolas,Lammerts,nlammertsic@springer.com,M,53.252.235.212
662,Donna,McRitchie,dmcritchieid@livejournal.com,F,218.99.138.105
663,Quillan,Dilks,qdilksie@wsj.com,M,84.46.88.130
664,Quillan,Thompstone,qthompstoneif@dropbox.com,M,153.11.204.9
665,Raynor,Brixey,rbrixeyig@si.edu,M,0.144.59.10
666,Matthaeus,Fereday,mferedayih@ox.ac.uk,M,37.137.168.216
667,Christoffer,Rickard,crickardii@yolasite.com,M,248.215.96.84
668,Elijah,Gatheridge,egatheridgeij@va.gov,M,208.58.230.171
669,Pamelina,Cadman,pcadmanik@dmoz.org,F,206.21.37.85
670,Carrissa,Manicom,cmanicomil@pbs.org,F,204.154.179.186
671,Lorrayne,Jakubovicz,ljakuboviczim@amazon.com,F,37.215.130.9
672,Levin,Lomax,llomaxin@g.co,M,52.223.3.123
673,Towney,Hryskiewicz,thryskiewiczio@epa.gov,M,101.253.51.86
674,Em,Tremblay,etremblayip@cmu.edu,F,206.252.242.86
675,Ronnie,Kirsch,rkirschiq@over-blog.com,F,75.104.88.76
676,Edi,Gecks,egecksir@salon.com,F,104.152.153.249
677,Alwin,Axleby,aaxlebyis@sourceforge.net,M,32.67.217.98
678,Major,Weildish,mweildishit@epa.gov,M,56.161.61.242
679,Hart,Braidley,hbraidleyiu@psu.edu,M,37.248.106.221
680,Filbert,Kennard,fkennardiv@umn.edu,M,34.111.23.203
681,Lucilia,Edmonds,ledmondsiw@t-online.de,F,40.222.16.216
682,Sayres,Lidbetter,slidbetterix@artisteer.com,M,201.80.65.86
683,Shelden,Peart,speartiy@feedburner.com,M,207.119.154.69
684,Bob,Allmark,ballmarkiz@prnewswire.com,M,120.190.245.249
685,Armando,Irons,aironsj0@de.vu,M,254.192.235.196
686,Kellia,Andrzej,kandrzejj1@gov.uk,F,154.91.1.222
687,Stacy,Dongles,sdonglesj2@e-recht24.de,M,82.14.239.193
688,Ruy,MacKessock,rmackessockj3@cdc.gov,M,179.174.123.33
689,Drew,Janauschek,djanauschekj4@ning.com,M,19.193.247.5
690,Jilli,Korbmaker,jkorbmakerj5@booking.com,F,229.109.198.122
691,Alayne,Mapes,amapesj6@vk.com,F,212.235.67.157
692,Mariellen,Junifer,mjuniferj7@altervista.org,F,59.22.253.232
693,Patsy,Snar,psnarj8@tinyurl.com,F,11.18.147.134
694,Whittaker,Giraudoux,wgiraudouxj9@craigslist.org,M,163.105.188.203
695,Francis,Basley,fbasleyja@chronoengine.com,M,138.102.159.195
696,Niven,Purchase,npurchasejb@bravesites.com,M,218.196.42.69
697,Angel,Bellison,abellisonjc@goo.ne.jp,M,207.13.67.155
698,Leticia,Cordall,lcordalljd@technorati.com,F,180.157.230.224
699,Job,Courtier,jcourtierje@ovh.net,M,58.141.151.70
700,Maribel,Yesinin,myesininjf@hao123.com,F,72.137.180.137
701,Talia,Farron,tfarronjg@washingtonpost.com,F,170.178.171.112
702,Brooks,Southam,bsouthamjh@pbs.org,M,53.208.228.213
703,Niki,Milroy,nmilroyji@telegraph.co.uk,F,218.116.21.203
704,Elvis,Vile,evilejj@de.vu,M,195.9.208.70
705,Emery,Emberson,eembersonjk@ucoz.ru,M,27.104.113.83
706,Asher,Norvill,anorvilljl@state.tx.us,M,222.190.135.186
707,Nell,Bride,nbridejm@marriott.com,F,49.242.161.246
708,Alaric,Chomicki,achomickijn@nasa.gov,M,83.84.147.0
709,Had,Radleigh,hradleighjo@mac.com,M,227.132.231.51
710,Adele,Valentim,avalentimjp@gov.uk,F,250.211.115.197
711,Kristel,McAreavey,kmcareaveyjq@topsy.com,F,78.191.132.13
712,Liana,Apfel,lapfeljr@paginegialle.it,F,170.204.180.241
713,Dacey,Fairney,dfairneyjs@google.cn,F,206.222.166.252
714,Dora,Seemmonds,dseemmondsjt@etsy.com,F,231.73.66.91
715,Siobhan,Paradis,sparadisju@theglobeandmail.com,F,167.33.208.227
716,Richy,Shurmer,rshurmerjv@java.com,M,178.204.64.213
717,Corey,Fulton,cfultonjw@wufoo.com,M,160.73.114.219
718,Daniela,Muggleston,dmugglestonjx@typepad.com,F,88.25.182.64
719,Law,Beteriss,lbeterissjy@accuweather.com,M,102.34.20.167
720,Robenia,Tesmond,rtesmondjz@seattletimes.com,F,88.11.141.33
721,Charyl,Getsham,cgetshamk0@engadget.com,F,151.139.180.162
722,Karlis,Enbury,kenburyk1@cloudflare.com,M,228.57.11.155
723,Hildy,Keatch,hkeatchk2@sourceforge.net,F,211.174.122.64
724,Hilary,Dmitrichenko,hdmitrichenkok3@japanpost.jp,F,72.105.123.191
725,Chauncey,Daubney,cdaubneyk4@ed.gov,M,136.152.229.102
726,Rube,Saltmarshe,rsaltmarshek5@miitbeian.gov.cn,M,149.38.88.71
727,Jeannette,Raggett,jraggettk6@technorati.com,F,231.140.211.1
728,Brear,Drews,bdrewsk7@sbwire.com,F,206.140.125.240
729,Gretta,Bogaert,gbogaertk8@friendfeed.com,F,206.244.116.128
730,Cassius,Truelock,ctruelockk9@flickr.com,M,8.141.180.103
731,Alfons,Drawmer,adrawmerka@constantcontact.com,M,55.110.242.159
732,Tuckie,McTear,tmctearkb@senate.gov,M,92.138.80.59
733,Adelbert,Squibbs,asquibbskc@pcworld.com,M,254.121.212.251
734,Donnie,Allans,dallanskd@mlb.com,F,140.153.6.230
735,Xaviera,Arstall,xarstallke@rakuten.co.jp,F,24.100.162.23
736,Lesley,Filyushkin,lfilyushkinkf@wired.com,F,218.61.198.195
737,Bobinette,Ellicott,bellicottkg@uiuc.edu,F,83.183.87.103
738,Oriana,Clineck,oclineckkh@tinypic.com,F,158.77.7.54
739,Gilberto,Mantione,gmantioneki@sphinn.com,M,18.23.95.163
740,Sallee,Stoller,sstollerkj@etsy.com,F,212.112.184.0
741,Kathrine,Boyfield,kboyfieldkk@youku.com,F,47.109.80.179
742,Larissa,Hallmark,lhallmarkkl@tiny.cc,F,238.29.27.236
743,Marrilee,Birchill,mbirchillkm@epa.gov,F,74.248.115.31
744,Linus,Jaycock,ljaycockkn@123-reg.co.uk,M,188.47.109.59
745,Lynelle,Outerbridge,louterbridgeko@infoseek.co.jp,F,154.195.82.167
746,Poppy,Spry,psprykp@ovh.net,F,61.65.19.253
747,Felic,Inglesent,finglesentkq@constantcontact.com,M,104.197.38.235
748,Angel,Teek,ateekkr@intel.com,F,182.71.31.169
749,Wittie,Meadway,wmeadwayks@kickstarter.com,M,152.125.67.76
750,Desi,Bradnick,dbradnickkt@nationalgeographic.com,M,245.242.54.159
751,Darcee,Gibbens,dgibbensku@wufoo.com,F,66.28.95.90
752,Kevon,Longmuir,klongmuirkv@bing.com,M,11.25.238.23
753,Emma,Plak,eplakkw@salon.com,F,90.31.223.197
754,Kathe,Odhams,kodhamskx@go.com,F,222.25.93.203
755,Angelico,MacRinn,amacrinnky@barnesandnoble.com,M,91.60.114.251
756,Don,Attow,dattowkz@nature.com,M,43.172.115.252
757,Hagan,Drogan,hdroganl0@xing.com,M,214.207.172.158
758,Robin,Folke,rfolkel1@jugem.jp,M,185.76.94.27
759,Jonie,Parnell,jparnelll2@oakley.com,F,45.65.63.0
760,Anatole,Sedgemore,asedgemorel3@wikispaces.com,M,143.22.80.153
761,Hyacinthia,Pashba,hpashbal4@bandcamp.com,F,234.131.134.45
762,Garreth,Mc Elory,gmceloryl5@123-reg.co.uk,M,223.173.9.243
763,Serena,Bastable,sbastablel6@google.ru,F,13.97.17.251
764,Marsh,Kerton,mkertonl7@simplemachines.org,M,178.40.87.62
765,Damian,Duerden,dduerdenl8@cdc.gov,M,158.119.118.87
766,Hollis,Yushkov,hyushkovl9@arstechnica.com,M,249.188.119.233
767,Salvidor,Coche,scochela@google.cn,M,66.211.62.106
768,Yovonnda,Guppey,yguppeylb@bloglines.com,F,134.143.60.117
769,Bryn,Zincke,bzinckelc@phpbb.com,M,33.182.33.216
770,Jessee,Ralph,jralphld@cdbaby.com,M,245.20.183.179
771,Joela,Bewicke,jbewickele@jugem.jp,F,121.143.240.106
772,Derwin,Berrygun,dberrygunlf@harvard.edu,M,179.244.189.70
773,Anne,Presnell,apresnelllg@desdev.cn,F,104.192.209.132
774,Bernette,Seers,bseerslh@ucoz.ru,F,232.50.63.239
775,Hedwig,Hurd,hhurdli@furl.net,F,59.76.110.166
776,Piotr,Drewry,pdrewrylj@imgur.com,M,163.63.147.153
777,Bary,Spenclay,bspenclaylk@disqus.com,M,158.67.255.96
778,Richmond,Hansom,rhansomll@state.tx.us,M,231.81.43.143
779,Dillie,Lutwidge,dlutwidgelm@51.la,M,174.33.113.163
780,Sandro,Fitch,sfitchln@europa.eu,M,120.244.92.47
781,Jerald,Gaye,jgayelo@imageshack.us,M,185.177.33.23
782,Erhart,Lacheze,elachezelp@bloglovin.com,M,150.88.174.156
783,Vale,Loads,vloadslq@slideshare.net,F,89.72.162.166
784,Eal,Mioni,emionilr@php.net,M,195.123.212.127
785,Quint,Whitworth,qwhitworthls@pagesperso-orange.fr,M,136.208.162.42
786,Base,Bloxsome,bbloxsomelt@hao123.com,M,211.201.144.39
787,Ingaborg,Saltern,isalternlu@ed.gov,F,247.90.214.13
788,Land,Haddeston,lhaddestonlv@soundcloud.com,M,42.133.198.90
789,Basil,Mortimer,bmortimerlw@sfgate.com,M,244.98.94.14
790,Randie,Kenningley,rkenningleylx@ibm.com,F,173.248.131.53
791,Herbie,Neumann,hneumannly@cnet.com,M,58.149.56.142
792,Joli,Billings,jbillingslz@myspace.com,F,114.3.52.189
793,Erastus,Darracott,edarracottm0@ca.gov,M,88.119.16.43
794,Ephrayim,Tomicki,etomickim1@edublogs.org,M,213.195.174.187
795,Corey,Lucken,cluckenm2@usnews.com,M,24.255.209.74
796,Elsy,Mc Grath,emcgrathm3@tumblr.com,F,48.103.21.159
797,Rubi,Abbiss,rabbissm4@goo.ne.jp,F,232.121.40.144
798,Persis,Orcott,porcottm5@cbc.ca,F,34.196.229.3
799,Chancey,Bartlet,cbartletm6@wiley.com,M,71.231.149.141
800,Alfredo,Vannoni,avannonim7@dot.gov,M,204.39.41.235
801,Kipp,Hugueville,khuguevillem8@fastcompany.com,F,212.50.89.163
802,Mic,Gasticke,mgastickem9@nationalgeographic.com,M,10.216.60.79
803,Giorgi,Larcombe,glarcombema@cmu.edu,M,158.244.154.157
804,Debor,Bold,dboldmb@businessinsider.com,F,95.193.223.99
805,Ferne,Davitashvili,fdavitashvilimc@51.la,F,207.143.79.97
806,Sully,Gilfoyle,sgilfoylemd@youtu.be,M,80.164.126.11
807,Rivi,Tweddle,rtweddleme@123-reg.co.uk,F,48.12.219.223
808,Jerrine,Frankema,jfrankemamf@sciencedaily.com,F,226.75.205.198
809,Cissiee,Claire,cclairemg@quantcast.com,F,87.248.116.79
810,Ermengarde,Novkovic,enovkovicmh@google.ca,F,72.39.220.31
811,Jeanne,Ridpath,jridpathmi@accuweather.com,F,216.229.246.63
812,Taffy,Werrett,twerrettmj@google.fr,F,115.232.181.130
813,Mitchell,Truckell,mtruckellmk@posterous.com,M,103.20.87.140
814,Venus,Fewell,vfewellml@illinois.edu,F,64.161.229.66
815,Marlo,de Zamora,mdezamoramm@wp.com,F,212.201.121.75
816,Parry,Beste,pbestemn@sohu.com,M,93.238.89.205
817,Louisette,Gunstone,lgunstonemo@dagondesign.com,F,248.54.7.112
818,Cori,Saunders,csaundersmp@odnoklassniki.ru,M,197.48.184.153
819,Catherine,Ortet,cortetmq@cbc.ca,F,115.42.163.250
820,Modestia,Casserley,mcasserleymr@paypal.com,F,24.109.83.27
821,Kelly,Morgon,kmorgonms@geocities.jp,M,81.18.16.150
822,Aurel,Wicks,awicksmt@diigo.com,F,214.222.124.199
823,Jorey,Macon,jmaconmu@instagram.com,F,28.253.177.212
824,Horatia,Adshed,hadshedmv@over-blog.com,F,162.118.48.132
825,Griffy,Metham,gmethammw@ustream.tv,M,224.154.176.4
826,Farleigh,Lakey,flakeymx@tmall.com,M,245.190.165.99
827,Johannah,Nicklin,jnicklinmy@mac.com,F,250.33.188.73
828,Granny,Tutill,gtutillmz@macromedia.com,M,160.75.103.89
829,Dimitri,Pilbury,dpilburyn0@domainmarket.com,M,238.246.189.126
830,Derick,Padbery,dpadberyn1@dyndns.org,M,67.75.218.77
831,Fax,Rowthorn,frowthornn2@qq.com,M,11.223.195.126
832,Aylmer,Ecclestone,aecclestonen3@omniture.com,M,200.99.162.157
833,Gustav,Heinig,gheinign4@blogspot.com,M,42.35.88.37
834,Rutledge,Dairton,rdairtonn5@google.pl,M,60.43.199.235
835,Debi,Somerfield,dsomerfieldn6@mail.ru,F,249.228.141.252
836,Muire,Reace,mreacen7@ucsd.edu,F,106.58.93.98
837,Frazier,Paskerful,fpaskerfuln8@github.io,M,55.156.119.168
838,Oliver,Peron,operonn9@nydailynews.com,M,161.66.106.86
839,Allene,Keddie,akeddiena@1und1.de,F,233.208.213.243
840,Wilmer,Bugg,wbuggnb@g.co,M,112.75.32.134
841,Morie,MacClancey,mmacclanceync@marriott.com,M,216.76.127.17
842,Sawyer,Losemann,slosemannnd@theglobeandmail.com,M,52.241.59.184
843,Katy,Bowld,kbowldne@surveymonkey.com,F,58.205.6.83
844,Bryana,Lello,blellonf@yolasite.com,F,100.62.172.157
845,Lek,Bowditch,lbowditchng@twitpic.com,M,169.141.32.200
846,Carlee,Cappell,ccappellnh@amazon.com,F,193.38.225.140
847,Lionello,Ciotti,lciottini@bravesites.com,M,253.152.101.88
848,Bary,Skune,bskunenj@who.int,M,246.205.112.184
849,Minna,Estoile,mestoilenk@slashdot.org,F,29.151.61.100
850,Suzann,Gwatkins,sgwatkinsnl@networkadvertising.org,F,222.26.5.227
851,Vittorio,Pawlaczyk,vpawlaczyknm@google.fr,M,31.198.63.178
852,Pietrek,Vitler,pvitlernn@domainmarket.com,M,41.185.119.222
853,Gan,Warstall,gwarstallno@weather.com,M,104.117.102.71
854,Paten,Tydeman,ptydemannp@timesonline.co.uk,M,142.243.71.129
855,Fawn,Kollaschek,fkollascheknq@sitemeter.com,F,74.124.117.53
856,Ertha,Sappson,esappsonnr@auda.org.au,F,55.237.19.32
857,Bernadine,Beak,bbeakns@ezinearticles.com,F,247.181.123.52
858,Tristam,Itzkowicz,titzkowicznt@ask.com,M,190.132.107.3
859,Titos,McPhail,tmcphailnu@alexa.com,M,45.154.31.23
860,Alejandra,Gallienne,agalliennenv@edublogs.org,F,88.189.107.23
861,Fleurette,Fley,ffleynw@blogspot.com,F,158.252.219.232
862,Ciro,Unitt,cunittnx@studiopress.com,M,132.51.184.80
863,Flss,Cockman,fcockmanny@gmpg.org,F,55.211.177.74
864,Whitney,Prettyjohn,wprettyjohnnz@java.com,M,29.245.130.145
865,Erich,Mil,emilo0@networkadvertising.org,M,210.146.49.129
866,Rosalia,Villiers,rvillierso1@accuweather.com,F,142.133.23.90
867,Thomasina,Ansell,tansello2@skype.com,F,117.24.233.198
868,Fields,Dossetter,fdossettero3@unesco.org,M,151.111.135.91
869,Georgy,Caneo,gcaneoo4@storify.com,M,95.255.67.63
870,Greer,Corter,gcortero5@bloglines.com,F,175.61.135.252
871,Max,Chrestien,mchrestieno6@goo.gl,F,122.252.42.84
872,Nicoli,Sibbit,nsibbito7@dmoz.org,F,80.99.197.49
873,Ambur,Goomes,agoomeso8@reference.com,F,251.206.133.180
874,Noelyn,Lethibridge,nlethibridgeo9@chicagotribune.com,F,158.131.167.121
875,Carson,Grace,cgraceoa@dion.ne.jp,M,70.24.12.86
876,Arlette,Pessel,apesselob@theglobeandmail.com,F,214.175.84.49
877,Gypsy,MacDonogh,gmacdonoghoc@fotki.com,F,161.225.230.104
878,Pierson,Jinda,pjindaod@fc2.com,M,151.9.85.22
879,Base,Picopp,bpicoppoe@epa.gov,M,162.160.36.189
880,Katerina,Tincey,ktinceyof@tiny.cc,F,198.236.192.168
881,Kareem,Maidstone,kmaidstoneog@chron.com,M,93.119.217.235
882,Beck,Jotcham,bjotchamoh@scientificamerican.com,M,55.249.112.43
883,Findley,Frankes,ffrankesoi@archive.org,M,149.45.200.107
884,Noland,Skewes,nskewesoj@google.ru,M,254.158.166.28
885,Harbert,Huckle,hhuckleok@hc360.com,M,5.146.236.180
886,Maris,Follin,mfollinol@usda.gov,F,229.202.206.87
887,Ofella,Blakesley,oblakesleyom@networksolutions.com,F,173.217.50.157
888,Marlowe,Gertray,mgertrayon@java.com,M,119.169.172.92
889,Bennett,Etherson,bethersonoo@live.com,M,88.150.103.253
890,Noel,Schimmang,nschimmangop@netscape.com,F,81.232.253.68
891,Jackqueline,Crawley,jcrawleyoq@bizjournals.com,F,185.169.87.239
892,Moishe,Casey,mcaseyor@abc.net.au,M,123.157.249.235
893,Shelby,Chrismas,schrismasos@freewebs.com,F,138.194.163.87
894,Toni,Snasdell,tsnasdellot@ft.com,F,249.88.190.188
895,Yanaton,Webbe,ywebbeou@samsung.com,M,40.163.215.255
896,Noak,Aloshkin,naloshkinov@sourceforge.net,M,65.20.16.158
897,Joan,Shmyr,jshmyrow@samsung.com,F,118.77.195.95
898,Martin,Kayley,mkayleyox@infoseek.co.jp,M,90.180.167.158
899,Barnabas,Stollmeyer,bstollmeyeroy@indiegogo.com,M,107.11.116.177
900,Kerrill,Ridler,kridleroz@istockphoto.com,F,115.24.160.222
901,Nate,Beauly,nbeaulyp0@taobao.com,M,181.128.10.128
902,Yank,Antoniou,yantonioup1@1und1.de,M,166.39.236.61
903,Mora,Klimentyev,mklimentyevp2@infoseek.co.jp,F,190.95.183.6
904,Lindsy,Medgewick,lmedgewickp3@rediff.com,F,213.118.109.113
905,Karna,Frewer,kfrewerp4@blog.com,F,237.232.24.226
906,Gleda,Coutts,gcouttsp5@ameblo.jp,F,101.88.54.143
907,Eveline,Klug,eklugp6@un.org,F,248.209.178.215
908,Renado,Pealing,rpealingp7@dedecms.com,M,97.43.158.246
909,Brendin,Carver,bcarverp8@bravesites.com,M,205.110.28.188
910,Diannne,Profit,dprofitp9@moonfruit.com,F,106.212.15.173
911,Tiffani,Dickons,tdickonspa@blogs.com,F,65.2.208.189
912,Cross,Keaveney,ckeaveneypb@craigslist.org,M,32.88.199.68
913,Sheena,Christmas,schristmaspc@google.de,F,205.149.211.33
914,Karna,Cund,kcundpd@webeden.co.uk,F,201.1.39.30
915,Mathew,Kobiera,mkobierape@photobucket.com,M,211.29.190.82
916,Yolanda,Bartlet,ybartletpf@bigcartel.com,F,216.53.12.105
917,Ingemar,Slimon,islimonpg@squidoo.com,M,49.8.210.222
918,Jermayne,Grane,jgraneph@go.com,M,205.222.33.51
919,Engelbert,Kitchen,ekitchenpi@prnewswire.com,M,22.44.186.31
920,Adrianne,Paskerful,apaskerfulpj@slate.com,F,169.33.41.193
921,Steven,Zorzetti,szorzettipk@admin.ch,M,85.41.109.70
922,Donal,Vallentin,dvallentinpl@dagondesign.com,M,220.33.237.130
923,Domenic,Fried,dfriedpm@dailymail.co.uk,M,199.63.236.201
924,Emmaline,Aspinal,easpinalpn@geocities.com,F,161.89.35.197
925,Pierce,Wenban,pwenbanpo@aboutads.info,M,128.149.223.124
926,Archer,Pllu,apllupp@dion.ne.jp,M,155.10.240.141
927,Ephraim,Druhan,edruhanpq@ibm.com,M,254.215.196.184
928,Chuck,Darbishire,cdarbishirepr@canalblog.com,M,117.48.129.153
929,Jerri,Aymer,jaymerps@moonfruit.com,M,146.54.55.53
930,Demetris,Banasik,dbanasikpt@tinyurl.com,F,148.21.132.61
931,Victor,McCormack,vmccormackpu@chronoengine.com,M,77.223.179.39
932,Irwin,Sadgrove,isadgrovepv@tripadvisor.com,M,30.177.42.181
933,Noni,Oldam,noldampw@statcounter.com,F,160.144.66.73
934,Jayson,McAlindon,jmcalindonpx@sfgate.com,M,60.79.170.98
935,Alwyn,Smeal,asmealpy@usda.gov,M,185.235.157.149
936,Del,Mebes,dmebespz@google.com.au,M,16.226.221.200
937,Sissy,Spleving,ssplevingq0@sciencedaily.com,F,149.176.235.234
938,Tanner,De Freyne,tdefreyneq1@sitemeter.com,M,187.155.247.107
939,Wilone,Keyte,wkeyteq2@mashable.com,F,241.30.152.219
940,Andromache,Bowdler,abowdlerq3@businessinsider.com,F,97.165.57.22
941,Coralyn,Muress,cmuressq4@myspace.com,F,168.37.1.140
942,Reider,Buckie,rbuckieq5@networkadvertising.org,M,253.3.38.247
943,Conni,Ramsdale,cramsdaleq6@symantec.com,F,247.104.132.27
944,Lissy,Gagg,lgaggq7@g.co,F,61.177.205.105
945,Eolande,Stealy,estealyq8@seesaa.net,F,155.112.85.101
946,Iseabal,Braundt,ibraundtq9@w3.org,F,211.199.51.171
947,Shaun,Brear,sbrearqa@wisc.edu,F,169.185.183.68
948,Shauna,Joberne,sjoberneqb@dagondesign.com,F,75.180.205.105
949,Tildie,Merrien,tmerrienqc@google.com.au,F,128.216.52.198
950,Arnold,Rykert,arykertqd@nature.com,M,239.130.111.138
951,Erroll,Raftery,erafteryqe@livejournal.com,M,33.222.7.142
952,Kessiah,Brownbridge,kbrownbridgeqf@toplist.cz,F,107.205.181.249
953,Moyra,Carne,mcarneqg@sbwire.com,F,51.79.147.128
954,Tori,Bruhnke,tbruhnkeqh@bluehost.com,F,186.177.108.89
955,Margaretta,Carter,mcarterqi@shinystat.com,F,3.135.162.18
956,Maris,Cowsby,mcowsbyqj@elegantthemes.com,F,34.136.229.106
957,Donny,Weatherhead,dweatherheadqk@hibu.com,M,215.40.99.144
958,Port,Loughhead,ploughheadql@indiegogo.com,M,85.246.221.238
959,Noami,Foulgham,nfoulghamqm@squidoo.com,F,142.252.36.159
960,Kaycee,Aslett,kaslettqn@ovh.net,F,174.211.231.93
961,Abagail,Chesterfield,achesterfieldqo@ca.gov,F,195.30.4.8
962,Joseito,Chazette,jchazetteqp@mediafire.com,M,50.89.194.9
963,Florella,Foxon,ffoxonqq@creativecommons.org,F,12.218.33.170
964,Gay,Danielsen,gdanielsenqr@seattletimes.com,M,233.202.173.176
965,Keelby,Somersett,ksomersettqs@about.me,M,162.98.148.126
966,Grantley,Schooling,gschoolingqt@de.vu,M,181.166.254.142
967,Nikki,Bull,nbullqu@mediafire.com,F,197.190.2.27
968,Peria,Landall,plandallqv@mtv.com,F,122.35.105.77
969,Jobie,Reddel,jreddelqw@berkeley.edu,F,186.4.48.4
970,Franchot,Jecock,fjecockqx@ustream.tv,M,121.215.242.203
971,Hynda,Banasiak,hbanasiakqy@jugem.jp,F,180.16.21.114
972,Garwood,Keyzman,gkeyzmanqz@lycos.com,M,113.187.215.198
973,Matthieu,Cawson,mcawsonr0@auda.org.au,M,78.228.120.13
974,Paula,Walkingshaw,pwalkingshawr1@google.com,F,198.237.198.115
975,Waylin,Gillio,wgillior2@squidoo.com,M,204.101.250.127
976,Vidovic,Barrasse,vbarrasser3@npr.org,M,70.239.64.154
977,Geno,Heaford,gheafordr4@ihg.com,M,49.110.198.17
978,Chas,Nairn,cnairnr5@goo.gl,M,133.63.75.97
979,Twyla,Hagwood,thagwoodr6@cnn.com,F,214.76.188.63
980,Brooks,Summerbell,bsummerbellr7@woothemes.com,M,189.82.110.244
981,Joshia,Troutbeck,jtroutbeckr8@samsung.com,M,191.54.221.14
982,Euell,Devonish,edevonishr9@godaddy.com,M,226.139.118.141
983,Suzi,Meysham,smeyshamra@digg.com,F,246.174.65.19
984,Mozes,Landsberg,mlandsbergrb@amazon.co.jp,M,11.157.189.71
985,Iorgo,Plumley,iplumleyrc@yahoo.com,M,132.229.122.71
986,Maurie,Scouse,mscouserd@yahoo.com,M,238.14.67.201
987,Basil,Flintoffe,bflintoffere@soundcloud.com,M,152.152.96.100
988,Bradan,Ferrieroi,bferrieroirf@amazon.co.uk,M,72.0.16.48
989,Jeralee,Carbine,jcarbinerg@fotki.com,F,232.223.138.18
990,Arnuad,Biffen,abiffenrh@sphinn.com,M,240.42.106.12
991,Murielle,Iglesias,miglesiasri@instagram.com,F,104.59.204.182
992,Miltie,Domoney,mdomoneyrj@wp.com,M,179.134.110.84
993,Petunia,Sheldrake,psheldrakerk@homestead.com,F,165.92.89.179
994,Marnie,Antham,manthamrl@reference.com,F,82.7.210.15
995,Phillie,Hillan,phillanrm@sohu.com,F,179.120.57.18
996,Maurice,Reek,mreekrn@facebook.com,M,128.191.60.80
997,Kendell,Christofor,kchristoforro@homestead.com,M,215.58.204.150
998,Taylor,Duxfield,tduxfieldrp@stanford.edu,M,215.131.182.127
999,Trumann,O'Skehan,toskehanrq@infoseek.co.jp,M,209.97.163.200
1000,Bobinette,Herche,bhercherr@edublogs.org,F,150.37.224.149
